enterprise_id,enterprise_name,industry,city,country,employee_count,subscription_plan,created_at
ENT00001,Data Systems 1,Healthcare,Hyderabad,UAE,9194,Free Trial,2026-04-05
ENT00002,Tech Industries 2,Energy,Kolkata,India,2002,Free Trial,2024-12-22
ENT00003,Future Systems 3,Automotive,Hyderabad,Singapore,42640,Government,2025-07-16
ENT00004,Future Academy 4,Energy,Delhi,India,49779,Starter,2026-04-27
ENT00005,Prime Consulting 5,Healthcare,Bengaluru,UAE,22109,Free Trial,2024-08-15
ENT00006,Prime Industries 6,Government,Chennai,Malaysia,17385,Free Trial,2025-08-26
ENT00007,Tech Industries 7,Retail,Mumbai,Malaysia,19263,Government,2025-05-18
ENT00008,Insight University 8,BFSI,Pune,Singapore,14985,Professional,2024-08-02
ENT00009,Future Industries 9,Retail,Delhi,UK,41710,Professional,2024-10-26
ENT00010,Global Consulting 10,Education,New York,USA,46044,Free Trial,2026-01-26
ENT00011,Skill University 11,Manufacturing,Ahmedabad,UK,17741,Government,2024-12-23
ENT00012,Global Systems 12,Education,Pune,USA,26340,Professional,2024-07-19
ENT00013,Future Consulting 13,Education,New York,UK,25978,Enterprise,2024-10-06
ENT00014,Apex Bank 14,Education,Singapore,Malaysia,35372,Professional,2026-01-01
ENT00015,Prime Group 15,Government,Hyderabad,UAE,33442,Enterprise,2024-08-14
ENT00016,Nova Industries 16,Manufacturing,New York,UAE,44646,Enterprise,2026-01-13
ENT00017,Data Group 17,Retail,London,UK,34726,Professional,2025-11-30
ENT00018,Nova Industries 18,Automotive,Kuala Lumpur,USA,42056,Professional,2024-09-04
ENT00019,Apex Group 19,Manufacturing,Ahmedabad,India,47373,Professional,2025-10-07
ENT00020,Skill Industries 20,Healthcare,New York,Malaysia,39959,Starter,2024-10-16
ENT00021,Global Bank 21,Automotive,Kuala Lumpur,Malaysia,87,Government,2025-04-09
ENT00022,NextGen Systems 22,BFSI,Chennai,USA,15742,Free Trial,2025-01-14
ENT00023,Insight Industries 23,BFSI,Singapore,UK,4585,Government,2024-09-18
ENT00024,Skill Academy 24,Automotive,Bengaluru,USA,34631,Government,2025-07-20
ENT00025,Future University 25,Healthcare,Kolkata,Singapore,42640,Professional,2025-08-04
ENT00026,Tech Academy 26,BFSI,Hyderabad,UAE,4246,Professional,2024-06-03
ENT00027,Insight University 27,Energy,Hyderabad,India,4702,Free Trial,2025-01-02
ENT00028,Data Systems 28,Government,Mumbai,Malaysia,15647,Professional,2026-03-29
ENT00029,NextGen University 29,Automotive,Bengaluru,Singapore,37473,Government,2025-09-09
ENT00030,Future Academy 30,Retail,Hyderabad,India,6402,Enterprise,2025-05-10
ENT00031,Prime Group 31,Telecom,Singapore,India,44179,Free Trial,2024-07-14
ENT00032,Prime Consulting 32,BFSI,Hyderabad,UAE,12515,Government,2025-08-15
ENT00033,Skill Group 33,Manufacturing,Delhi,UK,16421,Free Trial,2025-08-09
ENT00034,Tech Industries 34,IT Services,New York,Malaysia,1017,Free Trial,2025-01-10
ENT00035,Skill Group 35,Telecom,Ahmedabad,UAE,26332,Free Trial,2024-10-28
ENT00036,Prime Systems 36,Retail,Delhi,UK,18744,Enterprise,2026-04-26
ENT00037,Tech Academy 37,Manufacturing,Hyderabad,USA,14317,Free Trial,2025-12-27
ENT00038,Tech Systems 38,Government,Pune,India,38334,Enterprise,2025-10-09
ENT00039,Tech Bank 39,IT Services,Dubai,India,12228,Free Trial,2026-01-12
ENT00040,Data University 40,Retail,Mumbai,Malaysia,16185,Government,2026-01-11
ENT00041,Nova Industries 41,Retail,New York,Malaysia,37092,Government,2025-04-01
ENT00042,Apex University 42,Government,Hyderabad,USA,25988,Starter,2026-03-31
ENT00043,Apex Academy 43,Government,Kuala Lumpur,India,660,Enterprise,2026-02-08
ENT00044,Insight Industries 44,BFSI,Dubai,UAE,33203,Professional,2024-09-25
ENT00045,Global Industries 45,Education,Chennai,USA,10388,Enterprise,2025-11-20
ENT00046,Apex Systems 46,Automotive,Delhi,Singapore,6838,Starter,2025-02-07
ENT00047,Data Industries 47,Automotive,Bengaluru,USA,18515,Government,2024-12-14
ENT00048,Global University 48,Healthcare,Dubai,UK,16507,Free Trial,2024-08-15
ENT00049,Prime Labs 49,IT Services,Pune,USA,8623,Professional,2024-10-25
ENT00050,NextGen Group 50,Automotive,Pune,India,4981,Starter,2025-11-22
ENT00051,Nova Consulting 51,Energy,Dubai,UAE,28216,Starter,2024-06-24
ENT00052,Apex Consulting 52,IT Services,Chennai,UAE,44749,Starter,2026-03-26
ENT00053,Data Consulting 53,Automotive,Kolkata,Malaysia,49167,Starter,2025-01-10
ENT00054,Skill Bank 54,Retail,Pune,UAE,48321,Professional,2025-07-08
ENT00055,Future Labs 55,Manufacturing,Kuala Lumpur,Singapore,7134,Enterprise,2024-06-21
ENT00056,NextGen University 56,Education,Ahmedabad,USA,20050,Starter,2024-12-27
ENT00057,Nova University 57,Retail,Chennai,USA,4599,Professional,2025-05-07
ENT00058,Tech Group 58,Automotive,Chennai,India,7609,Professional,2024-11-11
ENT00059,Insight Labs 59,IT Services,Mumbai,Malaysia,28529,Professional,2025-03-30
ENT00060,Prime Industries 60,Retail,London,UAE,16743,Free Trial,2026-05-08
ENT00061,Prime Systems 61,Automotive,Kuala Lumpur,Malaysia,45063,Starter,2025-05-20
ENT00062,Prime Industries 62,Government,London,USA,43525,Free Trial,2025-03-16
ENT00063,Tech Labs 63,Retail,Chennai,UK,45742,Professional,2025-12-01
ENT00064,Skill University 64,Retail,New York,UK,44438,Starter,2026-02-02
ENT00065,Insight Labs 65,Retail,Dubai,India,19964,Professional,2024-12-14
ENT00066,Prime Consulting 66,Telecom,Ahmedabad,UK,44327,Starter,2025-10-18
ENT00067,NextGen Bank 67,BFSI,Delhi,Malaysia,43556,Government,2025-04-21
ENT00068,Data University 68,Healthcare,Hyderabad,UAE,9706,Free Trial,2024-06-29
ENT00069,Future Academy 69,Energy,Kuala Lumpur,India,29896,Enterprise,2026-02-16
ENT00070,Insight University 70,Retail,Ahmedabad,UK,16039,Starter,2026-03-15
ENT00071,Nova Industries 71,Retail,Hyderabad,UAE,45657,Government,2025-08-31
ENT00072,Nova University 72,BFSI,Ahmedabad,UAE,30500,Government,2025-12-06
ENT00073,Insight Consulting 73,Telecom,London,Singapore,33131,Enterprise,2025-11-25
ENT00074,NextGen Bank 74,Telecom,Ahmedabad,USA,49318,Starter,2026-02-24
ENT00075,Apex Academy 75,Education,Delhi,UK,5127,Professional,2025-01-08
ENT00076,Apex Consulting 76,Government,Dubai,India,9118,Starter,2025-01-04
ENT00077,Prime Bank 77,Education,Mumbai,UK,26762,Professional,2025-11-19
ENT00078,NextGen Group 78,IT Services,Hyderabad,UK,25574,Government,2026-04-25
ENT00079,Nova Group 79,Telecom,Pune,USA,19619,Enterprise,2025-07-16
ENT00080,Tech University 80,Telecom,Hyderabad,USA,28612,Enterprise,2024-06-11
ENT00081,Prime Consulting 81,Retail,Singapore,UAE,30680,Starter,2026-02-09
ENT00082,Tech Systems 82,Retail,London,Malaysia,43500,Free Trial,2024-08-06
ENT00083,Prime Bank 83,Telecom,Bengaluru,India,17099,Enterprise,2025-04-13
ENT00084,Future Academy 84,Government,Chennai,UK,18285,Enterprise,2025-01-26
ENT00085,Data Academy 85,IT Services,Singapore,Malaysia,3463,Professional,2024-12-28
ENT00086,Data Systems 86,IT Services,Hyderabad,UAE,1385,Government,2024-10-16
ENT00087,Future Bank 87,Telecom,New York,India,37010,Starter,2025-09-01
ENT00088,Apex Consulting 88,Manufacturing,London,Malaysia,49066,Free Trial,2024-10-27
ENT00089,Apex Industries 89,Energy,Pune,USA,37785,Enterprise,2025-06-23
ENT00090,Future Industries 90,Energy,Singapore,Singapore,15965,Free Trial,2026-04-26
ENT00091,Apex Industries 91,Energy,Kuala Lumpur,India,22804,Government,2025-07-25
ENT00092,Global Industries 92,Automotive,New York,USA,879,Enterprise,2025-09-26
ENT00093,Data Group 93,Government,New York,UK,46404,Starter,2025-08-01
ENT00094,Skill Labs 94,Energy,Kuala Lumpur,Malaysia,31736,Enterprise,2025-08-02
ENT00095,Insight Labs 95,Government,Hyderabad,India,18329,Enterprise,2025-01-17
ENT00096,NextGen Group 96,Government,Pune,UK,21350,Starter,2025-09-24
ENT00097,Future Consulting 97,Healthcare,Chennai,USA,39119,Professional,2025-12-03
ENT00098,Nova University 98,BFSI,Hyderabad,Singapore,26685,Enterprise,2025-12-02
ENT00099,Future Academy 99,Telecom,Ahmedabad,India,6148,Professional,2024-12-25
ENT00100,Prime University 100,Healthcare,New York,Malaysia,24234,Enterprise,2025-11-30
ENT00101,Tech Consulting 101,Retail,Singapore,Malaysia,21728,Professional,2026-05-02
ENT00102,NextGen Labs 102,Healthcare,Delhi,UAE,7957,Starter,2025-04-01
ENT00103,Data Bank 103,Education,Hyderabad,Singapore,31782,Professional,2026-01-06
ENT00104,Tech Labs 104,BFSI,Hyderabad,USA,14958,Professional,2024-11-12
ENT00105,Apex Systems 105,Automotive,Bengaluru,USA,3032,Free Trial,2025-11-30
ENT00106,Apex Bank 106,Telecom,Mumbai,India,37671,Professional,2025-09-05
ENT00107,NextGen Academy 107,Government,Bengaluru,India,16596,Enterprise,2024-09-06
ENT00108,Data Group 108,Telecom,Mumbai,Malaysia,41301,Free Trial,2024-10-15
ENT00109,Skill Labs 109,BFSI,Hyderabad,India,36623,Enterprise,2026-01-23
ENT00110,Insight University 110,Automotive,Kolkata,UK,29064,Professional,2026-01-05
ENT00111,Prime Labs 111,Energy,London,India,40002,Free Trial,2024-12-11
ENT00112,Future Labs 112,BFSI,Bengaluru,UAE,11441,Government,2024-07-28
ENT00113,Skill Systems 113,Retail,Ahmedabad,Singapore,38966,Enterprise,2025-03-07
ENT00114,Nova University 114,Healthcare,Singapore,USA,46120,Enterprise,2024-07-24
ENT00115,Future Labs 115,Energy,New York,UAE,27911,Free Trial,2025-11-21
ENT00116,Future Bank 116,Healthcare,Bengaluru,India,3958,Starter,2025-03-23
ENT00117,Insight Labs 117,Telecom,Mumbai,UK,45183,Professional,2026-04-29
ENT00118,Prime Labs 118,Automotive,Dubai,UK,28738,Free Trial,2026-01-15
ENT00119,Nova Group 119,Government,London,USA,1745,Free Trial,2025-01-02
ENT00120,Insight Systems 120,Healthcare,London,India,49612,Starter,2025-09-06
ENT00121,Tech Academy 121,Healthcare,Bengaluru,Malaysia,28616,Enterprise,2024-08-14
ENT00122,NextGen Consulting 122,Retail,Chennai,USA,43967,Free Trial,2024-10-24
ENT00123,Global Group 123,Telecom,Delhi,Singapore,26294,Government,2024-06-19
ENT00124,NextGen Industries 124,Government,Delhi,USA,7647,Enterprise,2025-10-21
ENT00125,Nova Academy 125,Retail,Pune,UAE,34026,Professional,2026-02-09
ENT00126,NextGen Academy 126,IT Services,Hyderabad,USA,36043,Starter,2025-03-03
ENT00127,NextGen Academy 127,BFSI,Pune,Singapore,39953,Starter,2026-05-09
ENT00128,Skill Labs 128,Automotive,Pune,Malaysia,26788,Free Trial,2024-12-29
ENT00129,Data Academy 129,BFSI,New York,UAE,32711,Professional,2025-10-16
ENT00130,Apex Group 130,Telecom,Ahmedabad,UAE,29985,Government,2024-10-08
ENT00131,Prime University 131,Energy,Dubai,Singapore,8996,Free Trial,2025-02-19
ENT00132,Prime Consulting 132,Automotive,Delhi,India,18586,Professional,2026-01-04
ENT00133,Insight Academy 133,Manufacturing,Ahmedabad,Malaysia,31791,Professional,2025-04-18
ENT00134,Tech Group 134,Telecom,Chennai,UAE,45761,Starter,2025-12-19
ENT00135,Prime University 135,Retail,Pune,USA,48854,Enterprise,2026-05-05
ENT00136,Prime Group 136,Manufacturing,Ahmedabad,India,8323,Government,2026-01-07
ENT00137,Global Industries 137,Telecom,Mumbai,Malaysia,29995,Free Trial,2024-10-07
ENT00138,Prime Bank 138,BFSI,Ahmedabad,USA,22237,Government,2026-04-22
ENT00139,Prime Industries 139,Government,New York,Malaysia,24954,Professional,2026-02-13
ENT00140,NextGen Systems 140,Energy,Mumbai,UAE,41413,Professional,2024-12-31
ENT00141,Data Group 141,BFSI,Kuala Lumpur,Singapore,46180,Free Trial,2025-08-10
ENT00142,Skill Labs 142,IT Services,Pune,USA,3727,Professional,2025-05-15
ENT00143,Global Group 143,Manufacturing,Hyderabad,Malaysia,27054,Government,2026-04-11
ENT00144,Skill Bank 144,Manufacturing,Mumbai,Malaysia,25120,Government,2026-04-12
ENT00145,Future Academy 145,Energy,Bengaluru,UAE,30271,Professional,2025-08-26
ENT00146,Apex Systems 146,Telecom,Delhi,Singapore,35871,Starter,2024-07-27
ENT00147,NextGen Consulting 147,Energy,Delhi,Singapore,27857,Professional,2025-08-23
ENT00148,Apex University 148,Retail,Ahmedabad,India,15595,Enterprise,2025-12-19
ENT00149,Global Labs 149,Healthcare,Pune,Singapore,25989,Professional,2024-05-21
ENT00150,Insight Systems 150,Energy,Singapore,UK,18806,Starter,2026-01-24
ENT00151,Global University 151,Education,London,USA,44467,Starter,2026-02-15
ENT00152,Data Systems 152,Healthcare,Kuala Lumpur,UK,2236,Government,2025-05-21
ENT00153,Skill Industries 153,Healthcare,Chennai,Singapore,27280,Starter,2024-12-04
ENT00154,Skill Consulting 154,Automotive,Dubai,USA,10833,Professional,2025-09-18
ENT00155,Apex Consulting 155,BFSI,Ahmedabad,India,9274,Starter,2026-04-05
ENT00156,Prime Consulting 156,BFSI,Kuala Lumpur,UK,962,Professional,2025-11-13
ENT00157,Data Academy 157,Government,New York,Singapore,44112,Professional,2026-01-01
ENT00158,Prime Consulting 158,BFSI,New York,UAE,30948,Free Trial,2026-02-06
ENT00159,Tech Consulting 159,Energy,Hyderabad,Singapore,4192,Enterprise,2026-04-30
ENT00160,Apex Group 160,BFSI,Bengaluru,India,2488,Professional,2025-09-29
ENT00161,Data Industries 161,Education,Dubai,UAE,25520,Enterprise,2025-05-27
ENT00162,Tech Group 162,Energy,Singapore,Singapore,10176,Enterprise,2026-03-14
ENT00163,Data Academy 163,Energy,Kolkata,USA,2194,Professional,2024-12-21
ENT00164,NextGen Academy 164,Education,Chennai,India,44986,Professional,2025-11-21
ENT00165,Global Systems 165,Retail,Delhi,UAE,8055,Enterprise,2024-08-14
ENT00166,Future Systems 166,IT Services,Kuala Lumpur,USA,16012,Starter,2025-12-12
ENT00167,Future Industries 167,Automotive,Hyderabad,Malaysia,14202,Starter,2025-04-14
ENT00168,Skill Systems 168,Healthcare,Bengaluru,UAE,35453,Professional,2024-11-07
ENT00169,Data Systems 169,Manufacturing,Pune,USA,15643,Government,2025-04-09
ENT00170,Nova Bank 170,Healthcare,Pune,UAE,48659,Enterprise,2025-11-02
ENT00171,Data Industries 171,Telecom,Ahmedabad,USA,33685,Government,2024-09-01
ENT00172,NextGen University 172,Energy,Pune,Singapore,43231,Government,2025-03-17
ENT00173,NextGen Systems 173,IT Services,Ahmedabad,UK,27986,Free Trial,2025-09-27
ENT00174,NextGen Industries 174,BFSI,Chennai,Malaysia,9771,Free Trial,2024-09-19
ENT00175,Apex Consulting 175,Retail,London,Malaysia,19376,Enterprise,2025-10-12
ENT00176,Insight Group 176,BFSI,Kuala Lumpur,Singapore,7548,Government,2024-12-19
ENT00177,Prime Academy 177,Education,Kolkata,USA,29770,Enterprise,2025-07-12
ENT00178,Data Consulting 178,Retail,Chennai,Singapore,16754,Professional,2024-10-16
ENT00179,NextGen Industries 179,BFSI,Mumbai,India,28353,Free Trial,2025-05-29
ENT00180,Skill Systems 180,Energy,Dubai,Malaysia,21653,Free Trial,2025-07-07
ENT00181,Global Group 181,IT Services,Delhi,Malaysia,20526,Professional,2024-08-27
ENT00182,Insight University 182,Manufacturing,New York,UK,14746,Free Trial,2025-05-06
ENT00183,Tech Consulting 183,BFSI,Kuala Lumpur,USA,37674,Starter,2025-07-26
ENT00184,Tech Systems 184,Energy,New York,Singapore,17577,Free Trial,2024-11-13
ENT00185,Apex Labs 185,Government,Chennai,India,11938,Starter,2025-12-13
ENT00186,Prime Industries 186,Manufacturing,Singapore,Singapore,2059,Free Trial,2025-11-07
ENT00187,Future Group 187,Retail,Ahmedabad,USA,10365,Professional,2025-03-28
ENT00188,Global Industries 188,IT Services,Bengaluru,UAE,49492,Government,2024-07-02
ENT00189,Data Labs 189,Telecom,New York,UK,31878,Government,2025-08-08
ENT00190,Prime Labs 190,Education,Kuala Lumpur,Malaysia,7509,Professional,2025-07-27
ENT00191,Data Labs 191,Energy,Ahmedabad,Malaysia,43771,Professional,2024-06-28
ENT00192,Future Group 192,Energy,Pune,India,13447,Professional,2024-12-15
ENT00193,Skill Labs 193,Healthcare,Chennai,India,556,Enterprise,2025-07-27
ENT00194,Skill Bank 194,Retail,Dubai,Singapore,15130,Government,2025-12-06
ENT00195,Global Industries 195,Retail,Singapore,India,28638,Free Trial,2025-08-26
ENT00196,Data Consulting 196,Energy,Kolkata,Malaysia,26554,Enterprise,2025-03-05
ENT00197,Data Group 197,IT Services,Chennai,UAE,40559,Enterprise,2026-04-19
ENT00198,Global Industries 198,Retail,Mumbai,UAE,28602,Government,2025-06-27
ENT00199,Tech Industries 199,Retail,Delhi,Singapore,22300,Starter,2025-04-19
ENT00200,Skill Industries 200,Automotive,New York,India,34823,Government,2024-11-27
ENT00201,Global Consulting 201,Manufacturing,Hyderabad,India,9647,Professional,2024-12-01
ENT00202,Skill Bank 202,BFSI,Bengaluru,Singapore,32432,Enterprise,2025-12-11
ENT00203,Insight Academy 203,Energy,New York,Singapore,40978,Professional,2026-02-14
ENT00204,Global Bank 204,Telecom,Mumbai,UK,29030,Professional,2025-02-18
ENT00205,Insight Systems 205,Government,Dubai,India,20392,Enterprise,2025-08-18
ENT00206,Nova Systems 206,Government,Delhi,India,42298,Free Trial,2026-02-01
ENT00207,Insight Group 207,Telecom,London,Malaysia,48475,Free Trial,2025-08-16
ENT00208,Insight University 208,Government,London,UK,32907,Starter,2024-07-15
ENT00209,NextGen Industries 209,Government,Singapore,India,33116,Starter,2024-06-22
ENT00210,Future Academy 210,Telecom,Dubai,Malaysia,40014,Starter,2025-05-20
ENT00211,Global Labs 211,Retail,Kolkata,USA,44542,Government,2024-07-05
ENT00212,Global Industries 212,Government,Mumbai,Malaysia,44508,Enterprise,2025-02-27
ENT00213,Apex Bank 213,Government,Mumbai,Malaysia,43540,Starter,2025-05-06
ENT00214,Apex Group 214,Manufacturing,London,Singapore,5602,Professional,2025-12-06
ENT00215,Prime Consulting 215,Manufacturing,New York,Singapore,48466,Government,2024-08-16
ENT00216,Prime Consulting 216,IT Services,Chennai,USA,11863,Starter,2025-04-27
ENT00217,NextGen University 217,Education,Bengaluru,UAE,5107,Professional,2024-08-24
ENT00218,Tech Systems 218,Government,Kuala Lumpur,Malaysia,8638,Government,2025-06-02
ENT00219,Skill Bank 219,Manufacturing,Singapore,Malaysia,10898,Enterprise,2024-06-26
ENT00220,Prime Consulting 220,Education,Ahmedabad,Malaysia,18723,Enterprise,2025-01-07
ENT00221,Tech University 221,Healthcare,Kuala Lumpur,UK,12765,Professional,2026-04-07
ENT00222,Insight Academy 222,Telecom,Kuala Lumpur,USA,25076,Government,2025-11-04
ENT00223,Prime Bank 223,Education,Kuala Lumpur,Malaysia,9120,Professional,2024-07-05
ENT00224,NextGen Consulting 224,Automotive,Mumbai,Singapore,33860,Free Trial,2025-02-28
ENT00225,Data Bank 225,Healthcare,Ahmedabad,Malaysia,9706,Enterprise,2024-08-14
ENT00226,Future Academy 226,Government,Pune,UK,3540,Enterprise,2025-10-09
ENT00227,Global University 227,Retail,Mumbai,USA,14765,Free Trial,2025-04-04
ENT00228,Data Consulting 228,Manufacturing,Bengaluru,India,18850,Enterprise,2026-04-25
ENT00229,Skill Academy 229,Telecom,London,India,5242,Free Trial,2025-01-30
ENT00230,Future Bank 230,Automotive,Singapore,Malaysia,34638,Enterprise,2024-09-03
ENT00231,Apex University 231,Healthcare,Mumbai,India,15676,Enterprise,2026-02-26
ENT00232,Insight Academy 232,BFSI,Mumbai,UK,39157,Government,2024-05-29
ENT00233,Tech University 233,Manufacturing,Delhi,UK,152,Government,2025-05-09
ENT00234,Future Group 234,Manufacturing,New York,Singapore,5660,Government,2025-05-17
ENT00235,Data Systems 235,Retail,Ahmedabad,India,41709,Enterprise,2025-05-30
ENT00236,Apex Systems 236,Government,Kuala Lumpur,India,22646,Starter,2026-03-16
ENT00237,Data Consulting 237,Manufacturing,Pune,USA,35833,Professional,2026-03-02
ENT00238,Skill Academy 238,Telecom,New York,UAE,8887,Free Trial,2025-08-24
ENT00239,Nova Labs 239,Education,Pune,UAE,2796,Professional,2025-03-26
ENT00240,Tech Group 240,Automotive,Ahmedabad,USA,2449,Starter,2025-03-01
ENT00241,Global Systems 241,Government,Delhi,India,24168,Enterprise,2025-06-26
ENT00242,NextGen Group 242,Government,Bengaluru,UK,45405,Enterprise,2025-05-24
ENT00243,Tech Labs 243,BFSI,Singapore,UK,5222,Enterprise,2026-01-19
ENT00244,Skill Labs 244,Government,Mumbai,India,21540,Professional,2025-03-22
ENT00245,NextGen Group 245,Manufacturing,Singapore,UK,23088,Enterprise,2024-06-25
ENT00246,Global Group 246,Healthcare,New York,India,4967,Enterprise,2025-05-20
ENT00247,Tech Bank 247,IT Services,Bengaluru,Malaysia,44489,Enterprise,2024-06-17
ENT00248,Skill Industries 248,Education,Kuala Lumpur,Singapore,24057,Professional,2025-06-09
ENT00249,Insight Systems 249,Energy,Bengaluru,Singapore,29536,Professional,2025-05-28
ENT00250,NextGen Industries 250,Energy,Bengaluru,Malaysia,24098,Enterprise,2025-03-30
ENT00251,Apex University 251,BFSI,Pune,Singapore,12242,Enterprise,2025-10-25
ENT00252,Prime Industries 252,Healthcare,Kuala Lumpur,USA,46189,Enterprise,2024-12-18
ENT00253,Insight Labs 253,Telecom,Hyderabad,India,8945,Free Trial,2025-08-18
ENT00254,Skill Academy 254,BFSI,Kuala Lumpur,Singapore,20994,Professional,2026-05-09
ENT00255,Data Labs 255,Healthcare,Bengaluru,Singapore,46551,Starter,2025-05-18
ENT00256,Tech University 256,BFSI,Hyderabad,UAE,15564,Enterprise,2024-06-08
ENT00257,Global Consulting 257,Telecom,Kuala Lumpur,Malaysia,8554,Government,2024-08-09
ENT00258,Data Labs 258,Retail,Singapore,Singapore,31419,Government,2025-07-07
ENT00259,Prime Industries 259,Manufacturing,Chennai,Singapore,4910,Enterprise,2025-09-02
ENT00260,Tech Consulting 260,Manufacturing,Kuala Lumpur,Malaysia,41979,Government,2024-11-15
ENT00261,Skill Group 261,Automotive,Pune,India,34004,Starter,2025-03-20
ENT00262,Skill Bank 262,Government,Singapore,UAE,22726,Government,2025-02-27
ENT00263,Data Labs 263,Education,New York,Malaysia,18036,Starter,2026-02-12
ENT00264,Apex Industries 264,Automotive,New York,UAE,38834,Government,2024-10-17
ENT00265,Skill Consulting 265,Energy,Pune,India,5373,Free Trial,2026-02-28
ENT00266,Insight Labs 266,Education,Kuala Lumpur,Malaysia,27351,Government,2026-02-26
ENT00267,Nova Academy 267,Automotive,Delhi,Singapore,19848,Enterprise,2025-01-18
ENT00268,Prime Labs 268,Telecom,Mumbai,Singapore,3976,Starter,2025-08-06
ENT00269,Prime Academy 269,Telecom,Hyderabad,USA,39808,Starter,2025-03-29
ENT00270,Global Consulting 270,Retail,Bengaluru,USA,33799,Government,2024-08-29
ENT00271,Global University 271,Telecom,Mumbai,USA,29514,Starter,2024-10-04
ENT00272,Data Systems 272,Healthcare,Kolkata,Malaysia,27452,Starter,2024-10-23
ENT00273,Global Consulting 273,Education,Kuala Lumpur,UAE,32704,Government,2025-09-03
ENT00274,NextGen Labs 274,Telecom,Pune,India,25821,Government,2025-08-24
ENT00275,Future University 275,Energy,Chennai,India,3362,Professional,2025-10-01
ENT00276,Insight Academy 276,Healthcare,Dubai,India,7094,Enterprise,2024-09-27
ENT00277,Apex Consulting 277,Retail,Chennai,India,26302,Free Trial,2025-12-17
ENT00278,Tech University 278,Government,Dubai,USA,4868,Enterprise,2025-10-11
ENT00279,NextGen Labs 279,Energy,New York,Malaysia,7836,Starter,2024-08-20
ENT00280,Prime Consulting 280,Government,Dubai,USA,49527,Starter,2024-12-02
ENT00281,Insight Group 281,Automotive,Pune,India,2600,Starter,2026-05-13
ENT00282,Global Academy 282,Automotive,Ahmedabad,UAE,39781,Government,2024-10-03
ENT00283,Global Consulting 283,Manufacturing,Kolkata,Malaysia,48502,Professional,2026-01-10
ENT00284,Global Academy 284,Energy,Delhi,UK,1140,Professional,2025-04-17
ENT00285,Data Group 285,Energy,Delhi,Singapore,45141,Free Trial,2026-01-14
ENT00286,NextGen Labs 286,Energy,London,UAE,47327,Free Trial,2025-12-31
ENT00287,NextGen Bank 287,Automotive,New York,Singapore,40665,Enterprise,2024-10-11
ENT00288,Future Systems 288,Energy,Singapore,India,12553,Free Trial,2025-08-07
ENT00289,Global Group 289,Manufacturing,Kolkata,Singapore,13412,Enterprise,2025-10-08
ENT00290,Insight Academy 290,IT Services,Singapore,UAE,34042,Starter,2025-12-08
ENT00291,Global Academy 291,Automotive,Kolkata,USA,11399,Enterprise,2025-11-09
ENT00292,Global Consulting 292,Healthcare,London,UK,12650,Starter,2025-02-22
ENT00293,Tech Labs 293,Education,Delhi,USA,46246,Starter,2026-04-19
ENT00294,NextGen Consulting 294,Telecom,Chennai,Malaysia,47344,Professional,2025-03-03
ENT00295,Data Group 295,Retail,Chennai,UAE,19085,Free Trial,2025-03-03
ENT00296,Data Consulting 296,Telecom,New York,USA,49027,Enterprise,2024-12-18
ENT00297,Future Labs 297,Automotive,Singapore,USA,9046,Free Trial,2026-02-02
ENT00298,Insight University 298,Education,Pune,Singapore,34852,Starter,2026-02-25
ENT00299,Future Systems 299,BFSI,Kolkata,USA,47062,Enterprise,2024-08-23
ENT00300,Skill Systems 300,Automotive,Bengaluru,UK,42837,Enterprise,2025-09-13
ENT00301,Future Labs 301,Government,Delhi,Singapore,3927,Free Trial,2026-03-11
ENT00302,Insight University 302,Automotive,Singapore,Singapore,2494,Starter,2025-07-14
ENT00303,Skill Systems 303,Retail,Kuala Lumpur,UK,12260,Professional,2024-06-20
ENT00304,Nova Labs 304,Energy,London,India,22007,Professional,2025-08-21
ENT00305,Tech Academy 305,Manufacturing,Dubai,UK,17930,Starter,2024-09-05
ENT00306,Global Bank 306,Telecom,New York,USA,47144,Starter,2024-05-27
ENT00307,Global Labs 307,Energy,New York,UAE,11551,Government,2026-02-26
ENT00308,Prime Group 308,Automotive,Chennai,India,26319,Free Trial,2024-11-18
ENT00309,Skill Academy 309,Government,Hyderabad,India,17140,Enterprise,2025-01-09
ENT00310,NextGen Labs 310,Government,Delhi,Malaysia,47424,Government,2024-05-24
ENT00311,Apex Consulting 311,Education,Pune,Singapore,7797,Enterprise,2025-03-23
ENT00312,Skill Group 312,Automotive,Singapore,USA,45288,Free Trial,2026-02-26
ENT00313,Apex Consulting 313,Energy,Hyderabad,UAE,8803,Enterprise,2024-10-16
ENT00314,NextGen Consulting 314,Retail,Singapore,Malaysia,30906,Government,2026-03-24
ENT00315,Future University 315,Energy,Kuala Lumpur,India,34489,Enterprise,2025-11-04
ENT00316,Global Industries 316,Energy,Mumbai,India,35940,Government,2024-12-06
ENT00317,Insight Bank 317,Manufacturing,Chennai,Malaysia,29006,Free Trial,2026-04-09
ENT00318,Future Academy 318,BFSI,Dubai,UK,3696,Enterprise,2024-09-25
ENT00319,Tech Group 319,Telecom,London,India,36671,Enterprise,2026-04-01
ENT00320,Apex Systems 320,Retail,Delhi,India,48927,Starter,2025-12-26
ENT00321,Data Systems 321,Retail,Chennai,Singapore,4228,Government,2024-07-13
ENT00322,Data Academy 322,IT Services,Delhi,UK,11845,Starter,2026-02-28
ENT00323,Prime Consulting 323,Retail,Ahmedabad,UK,24668,Free Trial,2026-04-12
ENT00324,Tech Bank 324,Government,Mumbai,UAE,35259,Enterprise,2025-11-05
ENT00325,Skill University 325,IT Services,Kuala Lumpur,India,19603,Enterprise,2026-04-02
ENT00326,Tech Group 326,Automotive,Kolkata,UAE,16270,Enterprise,2025-05-02
ENT00327,Skill Labs 327,Education,Singapore,India,2161,Enterprise,2026-02-01
ENT00328,Nova University 328,Education,Mumbai,India,38974,Free Trial,2025-08-13
ENT00329,Insight Systems 329,Education,Singapore,India,26412,Enterprise,2025-01-07
ENT00330,Tech University 330,IT Services,Bengaluru,Malaysia,19007,Starter,2025-12-23
ENT00331,Global Consulting 331,Education,Delhi,UAE,43317,Government,2024-12-25
ENT00332,Prime Labs 332,Healthcare,Pune,Malaysia,38825,Starter,2026-02-13
ENT00333,Prime Academy 333,IT Services,Chennai,Singapore,44047,Enterprise,2025-11-01
ENT00334,Global Group 334,Retail,Bengaluru,USA,24721,Starter,2025-11-14
ENT00335,NextGen University 335,Education,Delhi,Singapore,9510,Enterprise,2024-07-11
ENT00336,Tech Group 336,Retail,Dubai,Malaysia,8837,Enterprise,2025-01-16
ENT00337,Apex University 337,Government,New York,India,29527,Professional,2024-08-15
ENT00338,Tech University 338,IT Services,Delhi,UK,44199,Government,2026-01-20
ENT00339,Nova Industries 339,Education,Kuala Lumpur,Malaysia,47518,Government,2024-12-21
ENT00340,NextGen University 340,Government,Delhi,India,13931,Starter,2024-09-10
ENT00341,NextGen University 341,Energy,Singapore,UAE,26043,Starter,2025-11-29
ENT00342,Global Labs 342,Retail,Ahmedabad,Malaysia,42564,Professional,2025-03-24
ENT00343,Apex Consulting 343,Automotive,Ahmedabad,UK,6512,Enterprise,2025-04-05
ENT00344,Future Consulting 344,Government,Kolkata,India,36915,Starter,2024-10-09
ENT00345,Nova Labs 345,Automotive,London,Malaysia,47236,Enterprise,2025-03-11
ENT00346,Skill University 346,Government,Hyderabad,UK,37391,Starter,2025-10-06
ENT00347,Tech Consulting 347,Healthcare,Kuala Lumpur,UK,47469,Enterprise,2025-08-27
ENT00348,Skill Consulting 348,Manufacturing,Bengaluru,Singapore,35868,Enterprise,2024-11-17
ENT00349,Tech Systems 349,Automotive,Pune,India,43842,Free Trial,2024-05-19
ENT00350,Prime Bank 350,Education,Mumbai,Singapore,9947,Free Trial,2024-12-22
ENT00351,Tech Academy 351,Government,Pune,Malaysia,41844,Government,2025-09-19
ENT00352,NextGen Systems 352,IT Services,Dubai,Malaysia,27007,Free Trial,2024-05-30
ENT00353,Tech Labs 353,Automotive,Delhi,India,32963,Enterprise,2024-11-12
ENT00354,Data Industries 354,Automotive,Bengaluru,UAE,12628,Government,2025-11-03
ENT00355,Apex Consulting 355,Healthcare,Kuala Lumpur,UK,5228,Professional,2025-07-02
ENT00356,NextGen University 356,Education,Delhi,Singapore,5333,Free Trial,2024-08-16
ENT00357,Prime Group 357,Retail,Dubai,UK,3727,Free Trial,2026-05-02
ENT00358,Skill Industries 358,Telecom,Kolkata,Singapore,21760,Government,2024-08-18
ENT00359,Tech Systems 359,Education,Hyderabad,Singapore,37194,Enterprise,2025-02-14
ENT00360,Nova Industries 360,Healthcare,Dubai,Malaysia,43179,Free Trial,2024-11-12
ENT00361,Global Systems 361,Education,London,UAE,49349,Enterprise,2024-07-30
ENT00362,Apex Bank 362,Energy,Hyderabad,Malaysia,25553,Government,2025-04-17
ENT00363,Prime Bank 363,BFSI,Dubai,Singapore,22716,Free Trial,2024-08-21
ENT00364,Prime University 364,BFSI,Chennai,Malaysia,40280,Government,2025-06-23
ENT00365,Global Systems 365,Healthcare,Kuala Lumpur,UK,32202,Starter,2025-05-12
ENT00366,Tech Group 366,Retail,Bengaluru,Singapore,38445,Enterprise,2024-08-08
ENT00367,Insight Labs 367,Education,Singapore,India,5426,Professional,2024-10-17
ENT00368,Prime Bank 368,Retail,Chennai,USA,7032,Free Trial,2024-05-18
ENT00369,Apex Academy 369,Government,Kuala Lumpur,USA,6749,Starter,2024-08-10
ENT00370,Skill Group 370,Telecom,Dubai,Malaysia,33633,Enterprise,2024-08-26
ENT00371,Nova Industries 371,Government,Dubai,India,39170,Government,2025-04-10
ENT00372,Prime Systems 372,Healthcare,Kolkata,UK,5600,Government,2025-01-16
ENT00373,Insight Bank 373,Retail,Bengaluru,UAE,17673,Professional,2025-02-11
ENT00374,NextGen Bank 374,BFSI,Bengaluru,UK,18135,Enterprise,2025-03-15
ENT00375,NextGen Industries 375,Government,Delhi,UAE,47294,Enterprise,2026-01-11
ENT00376,Insight University 376,Telecom,Mumbai,UAE,20016,Free Trial,2025-06-22
ENT00377,Global Group 377,Government,Ahmedabad,USA,28270,Government,2024-09-29
ENT00378,Apex Consulting 378,Energy,Singapore,UAE,31442,Professional,2024-11-10
ENT00379,Prime Consulting 379,Healthcare,Singapore,Singapore,41527,Enterprise,2025-12-23
ENT00380,Future Consulting 380,Retail,Delhi,UK,23971,Free Trial,2025-12-11
ENT00381,Future Bank 381,Automotive,Pune,Singapore,30302,Starter,2025-08-04
ENT00382,Apex Industries 382,Retail,New York,UK,9171,Professional,2025-01-15
ENT00383,Apex Bank 383,Retail,Kuala Lumpur,UK,4897,Enterprise,2026-01-15
ENT00384,NextGen Group 384,Automotive,Dubai,Singapore,27463,Government,2024-06-19
ENT00385,Global Industries 385,BFSI,Kuala Lumpur,UAE,43146,Professional,2024-10-30
ENT00386,Insight Systems 386,Energy,New York,Singapore,42434,Enterprise,2025-04-17
ENT00387,Prime Industries 387,IT Services,Mumbai,USA,14599,Government,2025-10-26
ENT00388,Tech University 388,Telecom,Chennai,UK,30397,Government,2026-04-20
ENT00389,Tech Bank 389,Government,Pune,UK,6901,Professional,2025-07-12
ENT00390,Data Industries 390,Manufacturing,Chennai,USA,22533,Enterprise,2024-12-10
ENT00391,Tech Academy 391,Government,Ahmedabad,India,28765,Enterprise,2025-04-04
ENT00392,Data Labs 392,IT Services,Kuala Lumpur,Singapore,7592,Free Trial,2025-04-29
ENT00393,Data Bank 393,Education,Dubai,UAE,36219,Starter,2025-04-16
ENT00394,Tech Group 394,Telecom,Hyderabad,UK,41321,Starter,2024-11-19
ENT00395,Prime Group 395,IT Services,Singapore,Malaysia,12981,Enterprise,2026-01-09
ENT00396,Prime Group 396,IT Services,Singapore,UAE,13536,Professional,2026-05-03
ENT00397,Data Industries 397,Automotive,Bengaluru,USA,21413,Starter,2025-08-24
ENT00398,Data Labs 398,Telecom,Dubai,Singapore,20589,Government,2025-06-14
ENT00399,Insight Group 399,Energy,Mumbai,USA,23117,Enterprise,2026-02-04
ENT00400,Skill Labs 400,Energy,London,India,44097,Starter,2025-03-29
ENT00401,Data University 401,Healthcare,Mumbai,UAE,24514,Starter,2025-10-18
ENT00402,Prime Group 402,Energy,Bengaluru,Malaysia,25196,Enterprise,2024-11-19
ENT00403,NextGen Bank 403,Automotive,Bengaluru,UK,18979,Starter,2024-11-20
ENT00404,Global Academy 404,Energy,Pune,USA,678,Enterprise,2024-09-29
ENT00405,Future Group 405,Automotive,Dubai,Singapore,32488,Enterprise,2026-04-14
ENT00406,NextGen Group 406,Telecom,Ahmedabad,UAE,5467,Government,2024-06-13
ENT00407,Future Labs 407,IT Services,Delhi,UAE,35282,Professional,2024-11-01
ENT00408,NextGen Academy 408,Automotive,Dubai,India,37583,Free Trial,2025-02-11
ENT00409,Tech Consulting 409,Automotive,Kuala Lumpur,India,49857,Enterprise,2025-11-23
ENT00410,Future Group 410,BFSI,Singapore,Singapore,49290,Starter,2025-03-13
ENT00411,Nova Academy 411,Healthcare,Chennai,India,28824,Free Trial,2025-01-10
ENT00412,Future Consulting 412,Energy,New York,UK,10927,Government,2024-10-02
ENT00413,Future University 413,IT Services,London,USA,34933,Professional,2026-01-14
ENT00414,Tech Bank 414,Government,Singapore,USA,19011,Government,2025-02-10
ENT00415,Tech Industries 415,Manufacturing,Kuala Lumpur,UK,3935,Professional,2026-03-15
ENT00416,Skill Bank 416,Education,Bengaluru,Singapore,21158,Starter,2026-04-05
ENT00417,Prime Academy 417,Manufacturing,London,Singapore,17660,Enterprise,2025-06-01
ENT00418,NextGen Industries 418,BFSI,Kolkata,Malaysia,49189,Professional,2026-04-24
ENT00419,Global Academy 419,Telecom,Chennai,Malaysia,212,Free Trial,2025-08-25
ENT00420,Global Industries 420,Automotive,Kolkata,UAE,28207,Starter,2025-10-01
ENT00421,Apex Consulting 421,Healthcare,Chennai,Malaysia,37925,Starter,2025-12-13
ENT00422,NextGen Consulting 422,IT Services,Pune,India,41087,Enterprise,2024-05-29
ENT00423,Data Bank 423,Telecom,Ahmedabad,India,28086,Starter,2026-04-18
ENT00424,Skill Labs 424,Manufacturing,Delhi,India,42949,Professional,2025-01-24
ENT00425,Data Consulting 425,Manufacturing,Pune,UK,41049,Professional,2026-04-29
ENT00426,Future Group 426,BFSI,Singapore,India,121,Starter,2025-09-13
ENT00427,Data Bank 427,Energy,Hyderabad,Malaysia,44613,Enterprise,2024-05-22
ENT00428,Nova Consulting 428,BFSI,Kolkata,Singapore,8712,Enterprise,2024-07-24
ENT00429,Future Group 429,BFSI,Singapore,India,6813,Professional,2025-05-24
ENT00430,Apex Bank 430,Retail,Kuala Lumpur,UAE,42096,Starter,2024-07-22
ENT00431,Tech Systems 431,Energy,New York,UAE,28892,Professional,2024-12-17
ENT00432,Skill Group 432,Energy,New York,UK,14287,Free Trial,2024-08-23
ENT00433,Skill Industries 433,Energy,Singapore,UK,23088,Enterprise,2025-03-31
ENT00434,Skill University 434,Healthcare,New York,India,16313,Government,2026-01-18
ENT00435,Insight Labs 435,IT Services,New York,USA,13514,Government,2026-01-24
ENT00436,Tech University 436,Retail,Delhi,Singapore,3626,Starter,2025-10-01
ENT00437,Prime Industries 437,Education,Ahmedabad,Singapore,38973,Free Trial,2025-11-04
ENT00438,Nova Consulting 438,Government,Bengaluru,UK,37299,Enterprise,2025-05-22
ENT00439,Tech Bank 439,Telecom,Kuala Lumpur,India,1143,Government,2024-07-21
ENT00440,Nova Labs 440,Education,Pune,India,26131,Government,2025-03-02
ENT00441,Tech Group 441,Retail,Singapore,UK,5451,Government,2025-11-14
ENT00442,Insight Bank 442,Healthcare,Mumbai,USA,5228,Government,2024-12-07
ENT00443,Skill Consulting 443,Retail,London,Singapore,42637,Free Trial,2025-03-26
ENT00444,Prime University 444,IT Services,Hyderabad,India,28524,Free Trial,2025-08-20
ENT00445,Insight Systems 445,Healthcare,New York,Singapore,43176,Starter,2024-09-12
ENT00446,Nova Bank 446,IT Services,Bengaluru,UK,22771,Government,2025-10-24
ENT00447,Apex Bank 447,Government,Bengaluru,Singapore,17663,Free Trial,2024-06-12
ENT00448,Global Group 448,Healthcare,Dubai,India,17282,Government,2026-02-14
ENT00449,Data Academy 449,Telecom,Dubai,USA,3683,Enterprise,2025-12-14
ENT00450,Skill Consulting 450,Manufacturing,Delhi,India,37661,Free Trial,2025-01-01
ENT00451,Tech Systems 451,IT Services,Pune,UAE,3063,Enterprise,2025-05-20
ENT00452,Prime Bank 452,Manufacturing,Pune,Malaysia,46844,Enterprise,2024-12-28
ENT00453,Global University 453,Retail,Singapore,USA,17827,Free Trial,2025-12-19
ENT00454,Global Industries 454,Automotive,New York,India,11803,Starter,2025-10-23
ENT00455,Nova Group 455,BFSI,Ahmedabad,USA,20411,Professional,2024-08-09
ENT00456,Tech Academy 456,IT Services,Chennai,UAE,19159,Government,2025-03-20
ENT00457,Insight University 457,Telecom,Chennai,Malaysia,32382,Starter,2025-11-23
ENT00458,Future Bank 458,IT Services,Kolkata,India,15319,Government,2025-05-02
ENT00459,Nova Consulting 459,IT Services,Kuala Lumpur,Singapore,24709,Professional,2024-08-27
ENT00460,Future University 460,Retail,Ahmedabad,India,9380,Professional,2024-08-16
ENT00461,Nova University 461,Automotive,Kolkata,Singapore,24461,Enterprise,2024-08-07
ENT00462,Insight Industries 462,Automotive,Bengaluru,Singapore,25894,Free Trial,2026-01-09
ENT00463,Insight Systems 463,Retail,New York,UAE,15567,Professional,2025-02-04
ENT00464,Global Group 464,Government,Chennai,UK,17872,Starter,2024-07-28
ENT00465,Future Bank 465,Energy,Mumbai,UAE,6974,Starter,2025-08-16
ENT00466,NextGen Consulting 466,Retail,Mumbai,Malaysia,23530,Starter,2025-08-18
ENT00467,Apex Academy 467,Healthcare,Mumbai,India,10379,Professional,2026-05-04
ENT00468,Insight Systems 468,Education,Chennai,UAE,6027,Starter,2025-05-12
ENT00469,Prime Systems 469,Healthcare,Delhi,UAE,2086,Enterprise,2025-08-19
ENT00470,Tech University 470,BFSI,Ahmedabad,India,9211,Free Trial,2024-05-25
ENT00471,Nova University 471,Manufacturing,Hyderabad,UK,24445,Free Trial,2025-12-30
ENT00472,Insight Labs 472,BFSI,Pune,India,13009,Enterprise,2024-09-21
ENT00473,Data Consulting 473,BFSI,Pune,UK,3368,Starter,2025-12-21
ENT00474,Prime Group 474,Telecom,Pune,UK,44825,Enterprise,2024-11-05
ENT00475,Global University 475,Manufacturing,Delhi,USA,29279,Starter,2024-06-17
ENT00476,Insight University 476,Healthcare,Ahmedabad,UK,36139,Enterprise,2024-07-14
ENT00477,Data Labs 477,Retail,Bengaluru,UK,13121,Government,2025-01-23
ENT00478,Tech Systems 478,Retail,Kuala Lumpur,Singapore,23584,Enterprise,2025-11-21
ENT00479,NextGen Consulting 479,Energy,Dubai,USA,25502,Professional,2024-11-13
ENT00480,Nova Consulting 480,Energy,Hyderabad,India,18461,Free Trial,2025-09-08
ENT00481,Tech Consulting 481,Energy,Hyderabad,UAE,6612,Starter,2026-03-16
ENT00482,Future Labs 482,Automotive,Kuala Lumpur,Singapore,3714,Starter,2025-12-23
ENT00483,Prime Consulting 483,Manufacturing,Bengaluru,UAE,38881,Professional,2026-04-27
ENT00484,Global Systems 484,Government,London,Malaysia,9362,Government,2024-11-21
ENT00485,NextGen Labs 485,Manufacturing,Ahmedabad,India,5965,Free Trial,2025-01-06
ENT00486,Insight University 486,IT Services,Dubai,UK,94,Professional,2026-01-31
ENT00487,Future Bank 487,Government,Singapore,UAE,21256,Free Trial,2024-06-04
ENT00488,Skill Bank 488,BFSI,Dubai,USA,4803,Professional,2026-05-04
ENT00489,Prime Industries 489,Government,Delhi,USA,8992,Starter,2025-08-03
ENT00490,NextGen Consulting 490,Manufacturing,Singapore,Malaysia,45503,Government,2025-05-13
ENT00491,Future Bank 491,Retail,Delhi,Singapore,45171,Professional,2024-09-20
ENT00492,Skill Systems 492,Energy,Kolkata,Malaysia,2172,Starter,2026-01-19
ENT00493,Global University 493,Energy,Mumbai,UK,9267,Professional,2024-07-31
ENT00494,Future Consulting 494,Government,Bengaluru,Singapore,5864,Professional,2025-08-13
ENT00495,Nova Labs 495,Education,Hyderabad,Singapore,4492,Professional,2025-01-30
ENT00496,Data Systems 496,IT Services,Kolkata,UK,48060,Enterprise,2024-10-30
ENT00497,Prime Academy 497,Retail,Chennai,Malaysia,24648,Free Trial,2025-09-15
ENT00498,Insight University 498,Manufacturing,Ahmedabad,India,2239,Professional,2024-06-02
ENT00499,Global Labs 499,BFSI,Mumbai,USA,11198,Enterprise,2024-10-24
ENT00500,Data Industries 500,Government,London,Malaysia,31686,Free Trial,2025-07-28
